{
    "segmentation_type": "linear",
    "items": {
        "item5": {
            "an1": [2,8,2,1], 
            "an2": [2,8,2,1], 
            "an3": [2,8,2,1], 
            "an4": [2,8,2,1]
        }, 
        "item6": {
            "an1": [20,22,8,11,11,11,13,11,4], 
            "an2": [20,22,8,11,11,11,13,11,4], 
            "an3": [20,22,8,11,11,11,13,11,4], 
            "an4": [20,22,8,11,11,11,13,11,4]
        }, 
        "item7": {
            "an1": [2,9,2,5,2,19,1,6], 
            "an2": [2,9,2,5,2,19,1,6], 
            "an3": [2,9,2,5,2,19,1,6], 
            "an4": [2,9,2,5,2,19,1,6]
        }, 
        "item8": {
            "an1": [6,5,27], 
            "an2": [6,5,27], 
            "an3": [6,5,27], 
            "an4": [6,5,27]
        }
    }
}