{
    "segmentation_type": "linear",
    "items": {
        "item1": {
            "an5": [12], 
            "an6": [1,1,1,1,1,1,1,1,1,1,1,1]
        }, 
        "item2": {
            "an5": [20], 
            "an6": [1,1,1,1,1,1,1,1,1,1,1,1,1,1,1,1,1,1,1,1]
        }, 
        "item3": {
            "an5": [5], 
            "an6": [1,1,1,1,1]
        }, 
        "item4": {
            "an5": [42], 
            "an6": [1,1,1,1,1,1,1,1,1,1,1,1,1,1,1,1,1,1,1,1,1,1,1,1,1,1,1,1,1,1,1,1,1,1,1,1,1,1,1,1,1,1]
        }
    }
}